{
  "convertHtml": {
    "relativePaths": false
  },
  "customRubyPath": null,
  "debug": false,
  "domain": null,
  "followLeader": false,
  "lintScripts": false,
  "modelSource": null,
  "preprocessorLocations": [
    "sass"
  ],
  "preprocessorScriptOutput": "js",
  "preprocessorStyleOutput": "css",
  "projectDescription": "My project description",
  "projectName": "Material Editor",
  "publishedId": null,
  "serverHostname": null,
  "serverPort": null,
  "simpleModePartnerServer": null,
  "templateDefaultLayout": "layout",
  "templateDefaultPage": "index",
  "templateDirectory": "templates",
  "type": "simple",
  "useCompass": false
}